{
    "test": [
        {
            "fx": 1200.6831,  
            "fy": 1200.6831,  
            "cx": 638.1608,  
            "cy": 738.8648,   
            "height": 1879.8, 
            "pitch": 15.5,    
            "yaw": 0      
        },
        {
            "left": 256,
            "right": 1024,
            "top": 500,
            "bottom": 1000
        }
    ],

    "d435": [
        {
            "fx": 1200.6831,  
            "fy": 1200.6831,  
            "cx": 638.1608,  
            "cy": 738.8648,   
            "height": 1879.8, 
            "pitch": 15.5,    
            "yaw": 0      
        },
        {
            "left": 256,
            "right": 1024,
            "top": 500,
            "bottom": 1000
        }
    ],

    "d435i": [
        {
            "fx": 914.3226318359375,  
            "fy": 914.1400756835938,
            "cx": 633.5563354492188,  
            "cy": 373.4688415527344,   
            "height": 570, 
            "pitch": 15.5,    
            "yaw": 0      
        },
        {
            "left": 10,
            "right": 1270,
            "top": 250,
            "bottom": 720
        }
    ]
}